#OTU ID	Consensus.20	AMPTK	Consensus.10	Consensus.1
OTU2	k__Fungi;p__Ascomycota;c__Sordariomycetes;o__Hypocreales;f__Nectriaceae;g__Fusarium;s__Fusarium_oxysporum	"GSL|100.0|GU363956;k:Fungi,p:Ascomycota,c:Sordariomycetes,o:Hypocreales,f:Nectriaceae,g:Fusarium"	k__Fungi;p__Ascomycota;c__Sordariomycetes;o__Hypocreales;f__Nectriaceae;g__Fusarium	k__Fungi;p__Ascomycota;c__Sordariomycetes;o__Hypocreales;f__Nectriaceae;g__Fusarium;s__Fusarium_oxysporum
OTU13	k__Fungi;p__unidentified;c__unidentified;o__unidentified;f__unidentified;g__unidentified;s__Fungi_sp	"GSL|100.0|GQ169024;k:Fungi,p:Ascomycota,c:Sordariomycetes,o:Hypocreales,f:Nectriaceae"	k__Fungi;p__unidentified;c__unidentified;o__unidentified;f__unidentified;g__unidentified;s__Fungi_sp	k__Fungi;p__Ascomycota;c__Sordariomycetes;o__Hypocreales;f__Nectriaceae;g__Dactylonectria;s__Dactylonectria_macrodidyma
OTU15	k__Fungi;p__Ascomycota;c__Sordariomycetes;o__Hypocreales;f__Clavicipitaceae;g__Metacordyceps;s__Metacordyceps_chlamydosporia	"GS|100.0|FJ904285;k:Fungi,p:Ascomycota,c:Sordariomycetes,o:Hypocreales,f:Clavicipitaceae,g:Metacordyceps,s:Metacordyceps chlamydosporia"	k__Fungi;p__Ascomycota;c__Sordariomycetes;o__Hypocreales;f__Clavicipitaceae;g__Metacordyceps;s__Metacordyceps_chlamydosporia	k__Fungi;p__unidentified;c__unidentified;o__unidentified;f__unidentified;g__unidentified;s__Fungi_sp
OTU36	k__Fungi;p__Ascomycota;c__Dothideomycetes;o__Pleosporales;f__Pleosporaceae;g__Alternaria;s__Alternaria_alternata	"GSL|100.0|GU062279;k:Fungi,p:Ascomycota,c:Dothideomycetes,o:Pleosporales,f:Pleosporaceae,g:Alternaria"	k__Fungi;p__Ascomycota;c__Dothideomycetes;o__Pleosporales;f__Pleosporaceae;g__Alternaria;s__Alternaria_alternata	k__Fungi;p__Ascomycota;c__Dothideomycetes;o__Pleosporales;f__Pleosporaceae;g__Alternaria;s__Alternaria_alternata
OTU38	k__Fungi;p__Ascomycota;c__Sordariomycetes;o__Hypocreales;f__Bionectriaceae	"GSL|100.0|GQ495672;k:Fungi,p:Ascomycota,c:Sordariomycetes"	k__Fungi;p__Ascomycota;c__Sordariomycetes;o__Hypocreales;f__Bionectriaceae	k__Fungi;p__Ascomycota;c__Sordariomycetes;o__Hypocreales;f__Bionectriaceae;g__Clonostachys;s__Clonostachys_sp
OTU53	k__Fungi;p__unidentified;c__unidentified;o__unidentified;f__unidentified;g__unidentified;s__Fungi_sp	"GS|97.3|FJ822972;k:Fungi,p:Chytridiomycota,c:Chytridiomycetes,o:Chytridiales,f:Chytridiaceae,g:Phlyctochytrium,s:Phlyctochytrium lagenaria"	k__Fungi;p__unidentified;c__unidentified;o__unidentified;f__unidentified;g__unidentified;s__Fungi_sp	k__Fungi;p__Chytridiomycota;c__Chytridiomycetes;o__Chytridiales;f__Chytridiaceae;g__Phlyctochytrium;s__Phlyctochytrium_lagenaria
OTU62	k__Fungi;p__Ascomycota;c__Sordariomycetes;o__Hypocreales;f__Ophiocordycipitaceae;g__Tolypocladium;s__Tolypocladium_inflatum	"GSL|100.0|AY899261;k:Fungi,p:Ascomycota,c:Sordariomycetes,o:Hypocreales,f:Ophiocordycipitaceae,g:Tolypocladium,s:Tolypocladium inflatum"	k__Fungi;p__Ascomycota;c__Sordariomycetes;o__Hypocreales;f__Ophiocordycipitaceae;g__Tolypocladium;s__Tolypocladium_inflatum	k__Fungi;p__Ascomycota;c__Sordariomycetes;o__Hypocreales;f__Ophiocordycipitaceae;g__Tolypocladium;s__Tolypocladium_inflatum
OTU71	k__Fungi;p__Ascomycota;c__Sordariomycetes;o__Hypocreales;f__Cordycipitaceae;g__Beauveria;s__Beauveria_bassiana	"GSL|100.0|FJ824616;k:Fungi,p:Ascomycota,c:Sordariomycetes,o:Hypocreales,f:Cordycipitaceae,g:Beauveria"	k__Fungi;p__Ascomycota;c__Sordariomycetes;o__Hypocreales;f__Cordycipitaceae;g__Beauveria;s__Beauveria_bassiana	k__Fungi;p__Ascomycota;c__Sordariomycetes;o__Hypocreales;f__Cordycipitaceae;g__Beauveria;s__Beauveria_bassiana
OTU90	k__Fungi	"GS|100.0|EU379241;k:Fungi,p:Chytridiomycota,c:Spizellomycetes,o:Spizellomycetales,f:Spizellomycetaceae,g:Spizellomyces,s:Spizellomyces punctatus"	k__Fungi;p__Chytridiomycota;c__Spizellomycetes;o__Spizellomycetales;f__Spizellomycetaceae;g__Spizellomyces	k__Fungi;p__Glomeromycota;c__Glomeromycetes;o__Glomerales;f__Glomeraceae;g__Glomus;s__Glomus_sp
OTU91	k__Fungi;p__Ascomycota;c__Sordariomycetes;o__Hypocreales;f__Nectriaceae	"GSL|100.0|GU327636;k:Fungi,p:Ascomycota,c:Sordariomycetes,o:Hypocreales,f:Nectriaceae"	k__Fungi;p__Ascomycota;c__Sordariomycetes;o__Hypocreales;f__Nectriaceae;g__Fusarium;s__Fusarium_sp	k__Fungi;p__Ascomycota;c__Sordariomycetes;o__Hypocreales;f__Nectriaceae;g__Fusarium;s__Fusarium_sp
OTU94	k__Fungi;p__Ascomycota;c__Dothideomycetes;o__Capnodiales;f__Cladosporiaceae	GDL|100.0|FJ590576;k:Fungi	k__Fungi;p__Ascomycota;c__Dothideomycetes;o__Capnodiales;f__Cladosporiaceae;g__Cladosporium	k__Fungi;p__Ascomycota;c__Dothideomycetes;o__Capnodiales;f__Cladosporiaceae;g__Cladosporium;s__Cladosporium_sp
OTU95	k__Fungi;p__Basidiomycota;c__Agaricomycetes;o__Boletales;f__Suillaceae;g__Suillus	"GS|100.0|UDB000663;k:Fungi,p:Basidiomycota,c:Agaricomycetes,o:Boletales,f:Suillaceae,g:Suillus,s:Suillus luteus"	k__Fungi;p__Basidiomycota;c__Agaricomycetes;o__Boletales;f__Suillaceae;g__Suillus;s__Suillus_luteus	k__Fungi;p__Basidiomycota;c__Agaricomycetes;o__Boletales;f__Suillaceae;g__Suillus;s__Suillus_luteus
OTU97	k__Fungi;p__Basidiomycota;c__Agaricomycetes;o__Cantharellales;f__Ceratobasidiaceae;g__Ceratobasidium;s__Ceratobasidium_sp	"GS|100.0|FJ492126;k:Fungi,p:Basidiomycota,c:Agaricomycetes,o:Cantharellales,f:Ceratobasidiaceae,g:Thanatephorus,s:Thanatephorus cucumeris"	k__Fungi;p__Basidiomycota;c__Agaricomycetes;o__Cantharellales;f__Ceratobasidiaceae;g__Ceratobasidium;s__Ceratobasidium_sp	k__Fungi;p__Basidiomycota;c__Agaricomycetes;o__Cantharellales;f__Ceratobasidiaceae;g__Ceratobasidium;s__Ceratobasidium_sp
OTU104	k__Fungi;p__Basidiomycota;c__Agaricomycetes;o__Polyporales;f__Ischnodermataceae;g__Ischnoderma	"GS|100.0|KJ140539;k:Fungi,p:Basidiomycota,c:Agaricomycetes,o:Polyporales,f:Ischnodermataceae,g:Ischnoderma,s:Ischnoderma resinosum"	k__Fungi;p__Basidiomycota;c__Agaricomycetes;o__Polyporales;f__Ischnodermataceae;g__Ischnoderma	k__Fungi;p__unidentified;c__unidentified;o__unidentified;f__unidentified;g__unidentified;s__Fungi_sp
OTU110	k__Fungi;p__Ascomycota;c__Orbiliomycetes;o__Orbiliales;f__Orbiliaceae	"GS|99.6|KT215204;k:Fungi,p:Ascomycota,c:Orbiliomycetes,o:Orbiliales,f:Orbiliaceae,g:Dactylellina,s:Dactylellina ellipsospora"	k__Fungi;p__Ascomycota;c__Orbiliomycetes;o__Orbiliales;f__Orbiliaceae	k__Fungi;p__Ascomycota;c__Orbiliomycetes;o__Orbiliales;f__Orbiliaceae;g__Dactylellina;s__Dactylellina_sp
OTU122	k__Fungi;p__Ascomycota;c__Sordariomycetes;o__Hypocreales;f__Ophiocordycipitaceae;g__Hirsutella;s__Hirsutella_thompsonii	"GS|100.0|EF194153;k:Fungi,p:Ascomycota,c:Sordariomycetes,o:Hypocreales,f:Ophiocordycipitaceae,g:Hirsutella,s:Hirsutella thompsonii"	k__Fungi;p__Ascomycota;c__Sordariomycetes;o__Hypocreales;f__Ophiocordycipitaceae;g__Hirsutella;s__Hirsutella_thompsonii	k__Fungi;p__Ascomycota;c__Sordariomycetes;o__Hypocreales;f__Ophiocordycipitaceae;g__Hirsutella;s__Hirsutella_thompsonii
OTU148	k__Fungi;p__Ascomycota;c__Eurotiomycetes;o__Eurotiales;f__Aspergillaceae;g__Aspergillus;s__Aspergillus_flavus	"GSL|100.0|GU256760;k:Fungi,p:Ascomycota,c:Eurotiomycetes,o:Eurotiales,f:Aspergillaceae,g:Aspergillus,s:Aspergillus flavus"	k__Fungi;p__Ascomycota;c__Eurotiomycetes;o__Eurotiales;f__Aspergillaceae;g__Aspergillus;s__Aspergillus_flavus	k__Fungi;p__Ascomycota;c__Eurotiomycetes;o__Eurotiales;f__Aspergillaceae;g__Aspergillus;s__Aspergillus_sp
OTU157	k__Fungi;p__Basidiomycota;c__Agaricomycetes;o__Boletales;f__Sclerodermataceae;g__Scleroderma	"GS|100.0|FM213345;k:Fungi,p:Basidiomycota,c:Agaricomycetes,o:Boletales,f:Sclerodermataceae,g:Scleroderma,s:Scleroderma citrinum"	k__Fungi;p__Basidiomycota;c__Agaricomycetes;o__Boletales;f__Sclerodermataceae;g__Scleroderma;s__Scleroderma_sp	k__Fungi;p__Basidiomycota;c__Agaricomycetes;o__Boletales;f__Sclerodermataceae;g__Scleroderma;s__Scleroderma_sp
OTU158	k__Fungi;p__Ascomycota;c__Leotiomycetes;o__Helotiales;f__Sclerotiniaceae;g__Botrytis	"GSL|100.0|GU062311;k:Fungi,p:Ascomycota,c:Leotiomycetes,o:Helotiales,f:Sclerotiniaceae,g:Botrytis,s:Botrytis cinerea"	k__Fungi;p__Ascomycota;c__Leotiomycetes;o__Helotiales;f__Sclerotiniaceae	k__Fungi;p__Ascomycota;c__Leotiomycetes;o__Helotiales;f__Sclerotiniaceae;g__Botrytis;s__Botrytis_cinerea
OTU159	k__Fungi;p__Ascomycota;c__Dothideomycetes;o__Pleosporales;f__Pleosporaceae;g__Bipolaris;s__Bipolaris_sorokiniana	"GSL|100.0|GU080212;k:Fungi,p:Ascomycota,c:Dothideomycetes,o:Pleosporales,f:Pleosporaceae,g:Bipolaris"	k__Fungi;p__Ascomycota;c__Dothideomycetes;o__Pleosporales;f__Pleosporaceae;g__Bipolaris;s__Bipolaris_sorokiniana	k__Fungi;p__Ascomycota;c__Dothideomycetes;o__Pleosporales;f__Pleosporaceae;g__Bipolaris;s__Bipolaris_sorokiniana
OTU178	k__Fungi;p__Ascomycota;c__Sordariomycetes;o__Glomerellales;f__Glomerellaceae;g__Colletotrichum	"GS|100.0|EU554140;k:Fungi,p:Ascomycota,c:Sordariomycetes,o:Glomerellales,f:Glomerellaceae,g:Colletotrichum,s:Colletotrichum graminicola"	k__Fungi;p__Ascomycota;c__Sordariomycetes;o__Glomerellales;f__Glomerellaceae;g__Colletotrichum;s__Colletotrichum_graminicola	k__Fungi;p__Ascomycota;c__unidentified;o__unidentified;f__unidentified;g__unidentified;s__Ascomycota_sp
OTU193	k__Fungi;p__Ascomycota;c__Saccharomycetes;o__Saccharomycetales;f__Saccharomycetaceae;g__Saccharomyces	"GSL|100.0|FJ231436;k:Fungi,p:Ascomycota,c:Saccharomycetes,o:Saccharomycetales,f:Saccharomycetaceae,g:Saccharomyces"	k__Fungi;p__Ascomycota;c__Saccharomycetes;o__Saccharomycetales;f__Saccharomycetaceae;g__Saccharomyces;s__Saccharomyces_cerevisiae	k__Fungi;p__Ascomycota;c__Saccharomycetes;o__Saccharomycetales;f__Saccharomycetaceae;g__Saccharomyces;s__Saccharomyces_cerevisiae
OTU196	k__Fungi;p__Ascomycota;c__Sordariomycetes;o__Hypocreales;f__Ophiocordycipitaceae;g__Hirsutella;s__Hirsutella_rhossiliensis	"GSL|100.0|DQ345593;k:Fungi,p:Ascomycota,c:Sordariomycetes,o:Hypocreales,f:Ophiocordycipitaceae,g:Hirsutella,s:Hirsutella rhossiliensis"	k__Fungi;p__Ascomycota;c__Sordariomycetes;o__Hypocreales;f__Ophiocordycipitaceae;g__Hirsutella;s__Hirsutella_rhossiliensis	k__Fungi;p__Ascomycota;c__Sordariomycetes;o__Hypocreales;f__Ophiocordycipitaceae;g__Hirsutella;s__Hirsutella_rhossiliensis
OTU216	k__Fungi;p__Ascomycota;c__Orbiliomycetes;o__Orbiliales;f__Orbiliaceae;g__Arthrobotrys;s__Arthrobotrys_oligospora	"GS|100.0|EU977526;k:Fungi,p:Ascomycota,c:Orbiliomycetes,o:Orbiliales,f:Orbiliaceae,g:Arthrobotrys,s:Arthrobotrys oligospora"	k__Fungi;p__Ascomycota;c__Orbiliomycetes;o__Orbiliales;f__Orbiliaceae;g__Arthrobotrys;s__Arthrobotrys_oligospora	k__Fungi;p__Ascomycota;c__Orbiliomycetes;o__Orbiliales;f__Orbiliaceae;g__Arthrobotrys;s__Arthrobotrys_oligospora
OTU254	k__Fungi;p__Ascomycota;c__Eurotiomycetes;o__Eurotiales;f__Aspergillaceae;g__Aspergillus	"GSL|100.0|GU134888;k:Fungi,p:Ascomycota,c:Eurotiomycetes,o:Eurotiales,f:Aspergillaceae,g:Aspergillus"	k__Fungi;p__Ascomycota;c__Eurotiomycetes;o__Eurotiales;f__Aspergillaceae;g__Aspergillus;s__Aspergillus_niger	k__Fungi;p__Ascomycota;c__Eurotiomycetes;o__Eurotiales;f__Aspergillaceae;g__Aspergillus;s__Aspergillus_niger
OTU260	k__Fungi;p__Ascomycota;c__Sordariomycetes;o__Hypocreales;f__Hypocreaceae;g__Trichoderma	"GSL|100.0|FJ710061;k:Fungi,p:Ascomycota,c:Sordariomycetes,o:Hypocreales,f:Hypocreaceae,g:Trichoderma"	k__Fungi;p__Ascomycota;c__Sordariomycetes;o__Hypocreales;f__Hypocreaceae;g__Trichoderma;s__Trichoderma_harzianum	k__Fungi;p__Ascomycota;c__Sordariomycetes;o__Hypocreales;f__Hypocreaceae;g__Trichoderma;s__Trichoderma_harzianum
OTU274	k__Fungi;p__Ascomycota;c__Eurotiomycetes;o__Chaetothyriales;f__Herpotrichiellaceae;g__Exophiala;s__Exophiala_crusticola	"GS|99.6|KF221922;k:Fungi,p:Ascomycota,c:Eurotiomycetes,o:Chaetothyriales,f:Herpotrichiellaceae"	k__Fungi;p__Ascomycota;c__Eurotiomycetes;o__Chaetothyriales;f__Herpotrichiellaceae;g__Exophiala;s__Exophiala_crusticola	k__Fungi;p__unidentified;c__unidentified;o__unidentified;f__unidentified;g__unidentified;s__Fungi_sp
OTU331	k__Fungi;p__Basidiomycota;c__Agaricomycetes;o__Hymenochaetales;f__Hymenochaetales_fam_Incertae_sedis;g__Trichaptum;s__Trichaptum_biforme	"GS|99.6|U63473;k:Fungi,p:Basidiomycota,c:Agaricomycetes,o:Hymenochaetales,g:Trichaptum,s:Trichaptum biforme"	k__Fungi;p__Basidiomycota;c__Agaricomycetes;o__Hymenochaetales;f__Hymenochaetales_fam_Incertae_sedis;g__Trichaptum;s__Trichaptum_biforme	k__Fungi;p__unidentified;c__unidentified;o__unidentified;f__unidentified;g__unidentified;s__Fungi_sp
OTU341	k__Fungi;p__Ascomycota;c__Sordariomycetes;o__Xylariales;f__Xylariaceae;g__Biscogniauxia;s__Biscogniauxia_nummularia	"GSL|100.0|AJ246230;k:Fungi,p:Ascomycota,c:Sordariomycetes,o:Xylariales"	k__Fungi;p__Ascomycota;c__Sordariomycetes;o__Xylariales;f__Xylariaceae;g__Biscogniauxia;s__Biscogniauxia_nummularia	k__Fungi;p__Ascomycota;c__Sordariomycetes;o__Xylariales;f__Diatrypaceae;g__Anthostoma;s__Anthostoma_amoenum
OTU407	k__Fungi;p__Basidiomycota;c__Agaricomycetes;o__Russulales;f__Russulaceae;g__Lactarius	"GS|100.0|KF133270;k:Fungi,p:Basidiomycota,c:Agaricomycetes,o:Russulales,f:Russulaceae,g:Lactarius,s:Lactarius atroviridis"	k__Fungi;p__Basidiomycota;c__Agaricomycetes;o__Russulales;f__Russulaceae;g__Lactarius	k__Fungi;p__Basidiomycota;c__Agaricomycetes;o__Russulales;f__Russulaceae;g__Lactarius;s__Lactarius_atroviridis
OTU441	k__Fungi;p__Ascomycota;c__Sordariomycetes;o__Hypocreales;f__Ophiocordycipitaceae;g__Hirsutella;s__Hirsutella_minnesotensis	"GS|100.0|MK000034;k:Fungi,p:Ascomycota,c:Sordariomycetes,o:Hypocreales,f:Ophiocordycipitaceae,g:Hirsutella,s:Hirsutella minnesotensis"	k__Fungi;p__Ascomycota;c__Sordariomycetes;o__Hypocreales;f__Ophiocordycipitaceae;g__Hirsutella	k__Fungi;p__Ascomycota;c__Sordariomycetes;o__Hypocreales;f__Ophiocordycipitaceae;g__Hirsutella;s__Hirsutella_thompsonii
OTU594	k__Fungi;p__Basidiomycota;c__Agaricomycetes;o__Boletales;f__Suillaceae;g__Suillus	"GS|100.0|KX230626;k:Fungi,p:Basidiomycota,c:Agaricomycetes,o:Boletales,f:Suillaceae,g:Suillus,s:Suillus granulatus"	k__Fungi;p__Basidiomycota;c__Agaricomycetes;o__Boletales;f__Suillaceae;g__Suillus	k__Fungi;p__Basidiomycota;c__Agaricomycetes;o__Boletales;f__Suillaceae;g__Suillus;s__Suillus_granulatus
OTU654	k__Fungi;p__Ascomycota;c__Geoglossomycetes;o__Geoglossales;f__Geoglossaceae;g__Geoglossum	"GS|100.0|GU174294;k:Fungi,p:Ascomycota,c:Geoglossomycetes,o:Geoglossales,f:Geoglossaceae"	k__Fungi;p__Ascomycota;c__Geoglossomycetes;o__Geoglossales;f__Geoglossaceae;g__Geoglossum	k__Fungi;p__unidentified;c__unidentified;o__unidentified;f__unidentified;g__unidentified;s__Fungi_sp
OTU896	k__Fungi;p__Ascomycota;c__Sordariomycetes;o__Hypocreales;f__Hypocreales_fam_Incertae_sedis;g__Acremonium;s__Acremonium_sclerotigenum	"GSL|100.0|GU226831;k:Fungi,p:Ascomycota,c:Sordariomycetes,o:Hypocreales,g:Acremonium"	k__Fungi;p__Ascomycota;c__Sordariomycetes;o__Hypocreales;f__Hypocreales_fam_Incertae_sedis;g__Acremonium;s__Acremonium_sclerotigenum	k__Fungi;p__Ascomycota;c__Sordariomycetes;o__Hypocreales;f__Hypocreales_fam_Incertae_sedis;g__Acremonium;s__Acremonium_sclerotigenum
OTU899	k__Fungi;p__Ascomycota;c__Orbiliomycetes;o__Orbiliales;f__Orbiliaceae	"GS|97.4|KT222409;k:Fungi,p:Ascomycota,c:Orbiliomycetes,o:Orbiliales,f:Orbiliaceae,g:Orbilia,s:Orbilia auricolor"	k__Fungi;p__Ascomycota;c__Orbiliomycetes;o__Orbiliales;f__Orbiliaceae;g__Arthrobotrys	k__Fungi;p__Ascomycota;c__Orbiliomycetes;o__Orbiliales;f__Orbiliaceae;g__Orbilia;s__Orbilia_auricolor
OTU971	k__Fungi;p__Ascomycota;c__Eurotiomycetes;o__Eurotiales;f__Aspergillaceae;g__Penicillium	"GSL|100.0|AF033465;k:Fungi,p:Ascomycota,c:Eurotiomycetes,o:Eurotiales,f:Aspergillaceae,g:Penicillium"	k__Fungi;p__Ascomycota;c__Eurotiomycetes;o__Eurotiales;f__Aspergillaceae;g__Penicillium;s__Penicillium_chrysogenum	k__Fungi;p__Ascomycota;c__Eurotiomycetes;o__Eurotiales;f__Aspergillaceae;g__Penicillium;s__Penicillium_rubens
OTU993	k__Fungi;p__Basidiomycota;c__Agaricomycetes;o__Agaricales;f__Clavariaceae	"GS|99.5|HQ021908;k:Fungi,p:Basidiomycota,c:Agaricomycetes,o:Agaricales,f:Clavariaceae,g:Clavulinopsis"	k__Fungi;p__Basidiomycota;c__Agaricomycetes;o__Agaricales;f__Clavariaceae	k__Fungi;p__Basidiomycota;c__Agaricomycetes;o__Agaricales;f__Clavariaceae;g__Ramariopsis;s__Ramariopsis_sp
OTU1025	k__Fungi;p__Ascomycota;c__Sordariomycetes;o__Hypocreales;f__Cordycipitaceae;g__Beauveria;s__Beauveria_bassiana	"GSL|100.0|FJ177435;k:Fungi,p:Ascomycota,c:Sordariomycetes,o:Hypocreales,f:Cordycipitaceae,g:Beauveria,s:Beauveria bassiana"	k__Fungi;p__Ascomycota;c__Sordariomycetes;o__Hypocreales;f__Cordycipitaceae;g__Beauveria	k__Fungi;p__Ascomycota;c__Sordariomycetes;o__Hypocreales;f__Cordycipitaceae;g__Beauveria;s__Beauveria_bassiana
OTU1088	k__Fungi;p__Ascomycota;c__Orbiliomycetes;o__Orbiliales;f__Orbiliaceae;g__Arthrobotrys	"GS|100.0|HM439570;k:Fungi,p:Ascomycota,c:Orbiliomycetes,o:Orbiliales,f:Orbiliaceae,g:Arthrobotrys,s:Arthrobotrys superba"	k__Fungi;p__Ascomycota;c__Orbiliomycetes;o__Orbiliales;f__Orbiliaceae	k__Fungi;p__Ascomycota;c__Orbiliomycetes;o__Orbiliales;f__Orbiliaceae;g__Arthrobotrys;s__Arthrobotrys_superba
OTU1237	k__Fungi	"US|0.8201|None;k:Fungi,p:Basidiomycota"	k__Fungi	k__Fungi;p__Basidiomycota;c__Agaricomycetes;o__Agaricales;f__unidentified;g__unidentified;s__Agaricales_sp
OTU1938	k__Fungi;p__Mucoromycota;c__Mucoromycetes;o__Mucorales;f__Mucoraceae;g__Mucor	"GSL|100.0|FJ462772;k:Fungi,p:Mucoromycota,c:Mucoromycetes,o:Mucorales,f:Mucoraceae,g:Mucor"	k__Fungi;p__Mucoromycota;c__Mucoromycetes;o__Mucorales;f__Mucoraceae;g__Mucor	k__Fungi;p__Mucoromycota;c__Mucoromycetes;o__Mucorales;f__Mucoraceae;g__unidentified;s__Mucoraceae_sp
OTU2159	k__Fungi;p__Ascomycota	"SS|1.0000|AY789363;k:Fungi,p:Ascomycota,c:Eurotiomycetes,o:Mycocaliciales,f:Mycocaliciaceae,g:Phaeocalicium,s:Phaeocalicium polyporaeum"	k__Fungi;p__Ascomycota;c__Lecanoromycetes	k__Fungi;p__Ascomycota;c__Eurotiomycetes;o__Mycocaliciales;f__Mycocaliciaceae;g__Phaeocalicium;s__Phaeocalicium_polyporaeum
OTU2438	k__Fungi;p__unidentified;c__unidentified;o__unidentified;f__unidentified;g__unidentified;s__Fungi_sp	"GS|98.6|JX042853;k:Fungi,p:Ascomycota,c:Sordariomycetes,o:Sordariales,f:Lasiosphaeriaceae,g:Podospora"	k__Fungi;p__unidentified;c__unidentified;o__unidentified;f__unidentified;g__unidentified;s__Fungi_sp	k__Fungi;p__Ascomycota;c__Sordariomycetes;o__Sordariales;f__Lasiosphaeriaceae;g__Podospora;s__Podospora_sp
OTU2962	k__Fungi;p__Ascomycota;c__Sordariomycetes;o__Hypocreales;f__Nectriaceae;g__Fusarium;s__Fusarium_oxysporum	"GSL|100.0|GU363956;k:Fungi,p:Ascomycota,c:Sordariomycetes,o:Hypocreales,f:Nectriaceae,g:Fusarium,s:Fusarium oxysporum"	k__Fungi;p__Ascomycota;c__Sordariomycetes;o__Hypocreales;f__Nectriaceae;g__Fusarium;s__Fusarium_oxysporum	k__Fungi;p__Ascomycota;c__Sordariomycetes;o__Hypocreales;f__Nectriaceae;g__Fusarium;s__Fusarium_oxysporum
OTU3608	k__Fungi;p__Ascomycota;c__Eurotiomycetes;o__Chaetothyriales	"GS|100.0|LC199488;k:Fungi,p:Ascomycota,c:Eurotiomycetes,o:Eurotiales,f:Aspergillaceae,g:Aspergillus,s:Aspergillus nomius"	k__Fungi;p__Ascomycota;c__Eurotiomycetes;o__Chaetothyriales;f__Herpotrichiellaceae	k__Fungi;p__unidentified;c__unidentified;o__unidentified;f__unidentified;g__unidentified;s__Fungi_sp
OTU4221	k__Fungi;p__Ascomycota;c__Sordariomycetes;o__Hypocreales;f__Cordycipitaceae;g__Lecanicillium;s__Lecanicillium_fungicola	"GS|100.0|FJ810136;k:Fungi,p:Ascomycota,c:Sordariomycetes,o:Hypocreales,f:Cordycipitaceae,g:Lecanicillium,s:Lecanicillium fungicola"	k__Fungi;p__Ascomycota;c__Sordariomycetes;o__Hypocreales;f__Cordycipitaceae;g__Lecanicillium	k__Fungi;p__Ascomycota;c__Sordariomycetes;o__Hypocreales;f__Cordycipitaceae;g__Lecanicillium;s__Lecanicillium_fungicola
OTU4876	k__Fungi;p__unidentified;c__unidentified;o__unidentified;f__unidentified;g__unidentified;s__Fungi_sp	"GS|100.0|JF449720;k:Fungi,p:Basidiomycota,c:Agaricomycetes,o:Cantharellales"	k__Fungi;p__unidentified;c__unidentified;o__unidentified;f__unidentified;g__unidentified;s__Fungi_sp	k__Fungi;p__unidentified;c__unidentified;o__unidentified;f__unidentified;g__unidentified;s__Fungi_sp
OTU5007	k__Fungi;p__Basidiomycota;c__Agaricomycetes;o__Cantharellales;f__Ceratobasidiaceae;g__unidentified;s__Ceratobasidiaceae_sp	"GS|100.0|HM141015;k:Fungi,p:Basidiomycota,c:Agaricomycetes,o:Cantharellales,f:Ceratobasidiaceae"	k__Fungi;p__Basidiomycota;c__Agaricomycetes;o__Cantharellales;f__Ceratobasidiaceae;g__unidentified;s__Ceratobasidiaceae_sp	k__Fungi;p__Basidiomycota;c__Agaricomycetes;o__Cantharellales;f__Ceratobasidiaceae;g__unidentified;s__Ceratobasidiaceae_sp
OTU5424	k__Fungi;p__Ascomycota;c__Sordariomycetes;o__Hypocreales;f__Clavicipitaceae;g__Metacordyceps;s__Metacordyceps_chlamydosporia	"GS|100.0|FJ904285;k:Fungi,p:Ascomycota,c:Sordariomycetes,o:Hypocreales,f:Clavicipitaceae,g:Metacordyceps,s:Metacordyceps chlamydosporia"	k__Fungi;p__Ascomycota;c__Sordariomycetes;o__Hypocreales;f__Clavicipitaceae;g__Metacordyceps;s__Metacordyceps_chlamydosporia	k__Fungi;p__Ascomycota;c__Sordariomycetes;o__Hypocreales;f__Clavicipitaceae;g__Metacordyceps;s__Metacordyceps_chlamydosporia
OTU5996	k__Fungi;p__Ascomycota;c__Dothideomycetes;o__Pleosporales;f__Pleosporaceae;g__Alternaria	"GSL|100.0|GU062279;k:Fungi,p:Ascomycota,c:Dothideomycetes,o:Pleosporales,f:Pleosporaceae,g:Alternaria,s:Alternaria alternata"	k__Fungi;p__Ascomycota;c__Dothideomycetes;o__Pleosporales;f__Pleosporaceae;g__Alternaria;s__Alternaria_alternata	k__Fungi;p__Ascomycota;c__Dothideomycetes;o__Pleosporales;f__Pleosporaceae;g__Alternaria;s__Alternaria_alternata
OTU6043	k__Fungi;p__unidentified;c__unidentified;o__unidentified;f__unidentified;g__unidentified;s__Fungi_sp	US|1.0000|KF221419;k:Fungi	k__Fungi;p__unidentified;c__unidentified;o__unidentified;f__unidentified;g__unidentified;s__Fungi_sp	k__Fungi;p__unidentified;c__unidentified;o__unidentified;f__unidentified;g__unidentified;s__Fungi_sp
OTU6087	Unassigned	"US|0.8083|None;k:Fungi,p:Entomophthoromycota"	Unassigned	Unassigned
OTU6358	k__Fungi;p__unidentified;c__unidentified;o__unidentified;f__unidentified;g__unidentified;s__Fungi_sp	"GS|100.0|FJ757124;k:Fungi,p:Ascomycota,c:Dothideomycetes,o:Capnodiales"	k__Fungi;p__unidentified;c__unidentified;o__unidentified;f__unidentified;g__unidentified;s__Fungi_sp	k__Fungi;p__unidentified;c__unidentified;o__unidentified;f__unidentified;g__unidentified;s__Fungi_sp
OTU7142	k__Fungi;p__Chytridiomycota;c__Spizellomycetes;o__Spizellomycetales;f__Spizellomycetaceae;g__Spizellomyces	"GS|100.0|EU379241;k:Fungi,p:Chytridiomycota,c:Spizellomycetes,o:Spizellomycetales,f:Spizellomycetaceae,g:Spizellomyces,s:Spizellomyces punctatus"	k__Fungi;p__Chytridiomycota;c__Spizellomycetes;o__Spizellomycetales;f__Spizellomycetaceae;g__Spizellomyces	k__Fungi;p__Glomeromycota;c__Glomeromycetes;o__Glomerales;f__Glomeraceae;g__Glomus;s__Glomus_sp
OTU7747	k__Fungi;p__Basidiomycota;c__Tremellomycetes;o__Tremellales	"GS|97.6|KM104080;k:Fungi,p:Basidiomycota,c:Tremellomycetes,o:Tremellales"	k__Fungi;p__Basidiomycota;c__Tremellomycetes;o__Tremellales	k__Fungi;p__unidentified;c__unidentified;o__unidentified;f__unidentified;g__unidentified;s__Fungi_sp
OTU8380	k__Fungi;p__Ascomycota;c__Sordariomycetes;o__Hypocreales;f__Nectriaceae;g__Fusarium;s__Fusarium_oxysporum	"GSL|100.0|GQ922915;k:Fungi,p:Ascomycota,c:Sordariomycetes,o:Hypocreales,f:Nectriaceae,g:Fusarium"	k__Fungi;p__Ascomycota;c__Sordariomycetes;o__Hypocreales;f__Nectriaceae;g__Fusarium;s__Fusarium_oxysporum	k__Fungi;p__Ascomycota;c__Sordariomycetes;o__Hypocreales;f__Nectriaceae;g__Fusarium;s__Fusarium_oxysporum
OTU9542	k__Fungi;p__Ascomycota;c__Dothideomycetes;o__Capnodiales;f__Cladosporiaceae	"GSL|100.0|FJ590576;k:Fungi,p:Ascomycota"	k__Fungi;p__Ascomycota;c__Dothideomycetes;o__Capnodiales;f__Cladosporiaceae;g__Cladosporium	k__Fungi;p__Ascomycota;c__Dothideomycetes;o__Capnodiales;f__Cladosporiaceae;g__Cladosporium;s__Cladosporium_sp
OTU9861	k__Fungi	"GS|99.5|KP900732;k:Fungi,p:Ascomycota,c:Sordariomycetes,o:Hypocreales,f:Bionectriaceae,g:Clonostachys,s:Clonostachys rosea"	k__Fungi;p__unidentified;c__unidentified;o__unidentified;f__unidentified;g__unidentified;s__Fungi_sp	k__Fungi;p__unidentified;c__unidentified;o__unidentified;f__unidentified;g__unidentified;s__Fungi_sp
OTU12275	Unassigned	US|1.0000|None;k:Fungi	Unassigned	Unassigned
OTU13113	k__Fungi;p__Ascomycota;c__Sordariomycetes;o__Glomerellales;f__Glomerellaceae;g__Colletotrichum	"US|0.9908|MF972914;k:Fungi,p:Ascomycota"	k__Fungi;p__Ascomycota;c__Sordariomycetes;o__Glomerellales;f__Glomerellaceae;g__Colletotrichum;s__Colletotrichum_graminicola	k__Fungi;p__Ascomycota;c__unidentified;o__unidentified;f__unidentified;g__unidentified;s__Ascomycota_sp